"date","sales_quantity","net_sales"
2024-01-02,18275.18,221526.40
2024-01-03,10446.52,116917.35
2024-01-04,18789.52,213951.04
2024-01-05,13780.67,178494.91
2024-01-06,13762.91,168587.46
2024-01-08,23547.88,300943.53
2024-01-10,18320.48,218048.39
2024-01-11,19741.36,278307.48
2024-01-12,12307.53,133440.95
2024-01-13,11051.37,137794.80
2024-01-15,14608.94,154457.53
2024-01-16,16932.02,239738.24
2024-01-17,14194.78,160236.09
2024-01-18,20326.65,219306.85
2024-01-19,17183.70,165197.71
2024-01-20,4557.32,42152.09
2024-01-22,21495.68,267588.43
2024-01-23,64921.75,219303.38
2024-01-24,54506.04,143709.19
2024-01-25,19309.44,215566.35
2024-01-26,12467.99,160695.35
2024-01-27,6713.74,82314.21
2024-01-29,26462.34,135750.89
2024-01-30,26063.74,145655.61
2024-01-31,16089.11,185664.80
2024-02-01,24115.63,286463.64
2024-02-02,16050.08,195930.29
2024-02-03,14729.06,187708.50
2024-02-05,21395.69,274389.98
2024-02-06,20884.79,259772.22
2024-02-07,20668.62,269068.30
2024-02-08,18212.99,208877.50
2024-02-09,24666.87,313066.93
2024-02-10,9701.12,118428.35
2024-02-14,13968.68,165799.75
2024-02-15,13204.85,151724.33
2024-02-16,14955.34,201129.77
2024-02-17,14478.04,181990.67
2024-02-19,18070.12,159691.55
2024-02-20,95213.60,331340.77
2024-02-21,11434.09,138832.97
2024-02-22,17260.24,205136.65
2024-02-23,29742.59,248464.69
2024-02-24,9768.34,112774.60
2024-02-26,15515.61,195985.24
2024-02-27,22288.10,149608.33
2024-02-28,11654.23,150331.58
2024-02-29,11207.20,131811.76
2024-03-01,36868.32,474309.94
2024-03-02,11873.90,178329.54
2024-03-04,12109.72,141817.98
2024-03-05,21435.02,262983.06
2024-03-06,24933.66,263881.96
2024-03-07,18529.66,254532.01
2024-03-08,15030.88,198301.13
2024-03-09,17222.22,227496.42
2024-03-11,20997.20,206697.49
2024-03-12,15785.63,202091.68
2024-03-13,14601.80,192276.23
2024-03-14,17051.74,233178.32
2024-03-15,14622.54,174553.27
2024-03-16,8943.92,115485.96
2024-03-18,15532.33,197877.25
2024-03-19,15406.21,183474.45
2024-03-20,21258.45,271588.90
2024-03-21,25117.13,337987.27
2024-03-22,14515.41,185180.56
2024-03-23,15928.28,204823.98
2024-03-25,16176.10,190794.76
2024-03-26,13829.53,163655.01
2024-03-27,50534.28,229681.23
2024-03-28,14737.97,191341.98
2024-04-01,28648.55,388541.10
2024-04-02,19111.16,235779.64
2024-04-03,20869.32,286710.38
2024-04-04,21488.78,274198.36
2024-04-05,16014.06,189233.35
2024-04-06,13619.48,170371.80
2024-04-08,18934.55,249357.05
2024-04-09,15790.59,201850.46
2024-04-10,17305.81,204093.12
2024-04-11,19912.59,242995.43
2024-04-12,13738.95,186400.51
2024-04-13,12516.88,150336.12
2024-04-15,18612.12,196384.43
2024-04-16,15014.99,179053.69
2024-04-17,15676.36,194544.21
2024-04-18,25340.84,339420.69
2024-04-19,18608.95,255197.80
2024-04-20,12151.44,152398.70
2024-04-22,15628.76,191249.49
2024-04-23,15476.35,207638.16
2024-04-24,17749.68,218144.66
2024-04-25,15124.32,195227.92
2024-04-26,16017.19,210250.32
2024-04-27,10292.36,136359.04
2024-04-29,15512.68,189266.04
2024-04-30,8876.90,109793.76
2024-05-02,30878.62,451750.77
2024-05-03,16666.24,217839.28
2024-05-04,13968.53,176628.76
2024-05-06,14957.71,185148.74
2024-05-07,23816.57,298084.07
2024-05-08,21501.74,287125.40
2024-05-09,20986.55,289830.75
2024-05-10,14486.21,156580.97
2024-05-11,14482.59,210497.60
2024-05-13,15475.09,183161.98
2024-05-14,15838.58,219370.96
2024-05-15,13579.67,165104.23
2024-05-16,18260.79,230193.44
2024-05-17,13102.44,161721.44
2024-05-18,11587.09,153204.01
2024-05-20,14816.08,180021.64
2024-05-21,17778.96,215871.77
2024-05-22,14748.00,189528.13
2024-05-23,21949.49,277380.55
2024-05-24,17383.96,179925.87
2024-05-25,10586.02,140747.96
2024-05-27,12127.18,149858.39
2024-05-28,14390.07,169899.28
2024-05-29,11111.99,138060.80
2024-05-30,16148.66,221457.84
2024-05-31,10931.81,149175.02
2024-06-01,18419.85,272681.10
2024-06-03,15490.57,197162.59
2024-06-04,19506.75,255573.18
2024-06-05,19166.59,259170.22
2024-06-06,21577.98,280419.66
2024-06-07,15686.99,187419.00
2024-06-08,8276.71,92934.11
2024-06-10,20773.52,303488.14
2024-06-11,16064.49,198338.96
2024-06-12,18279.35,252672.00
2024-06-13,20845.74,272992.19
2024-06-14,16402.06,213277.48
2024-06-15,12937.54,159049.61
2024-06-17,12641.36,148365.37
2024-06-18,17347.60,229431.41
2024-06-19,18437.65,231570.30
2024-06-20,48002.74,306002.86
2024-06-21,17291.00,212910.88
2024-06-22,17915.42,209352.91
2024-06-24,19748.83,233528.27
2024-06-25,16392.92,188649.49
2024-06-26,19191.65,239790.68
2024-06-27,20322.54,249520.43
2024-06-28,12994.80,147681.61
2024-06-29,9127.23,108112.13
2024-07-02,19688.91,272784.72
2024-07-03,16388.49,215042.25
2024-07-04,21764.24,274804.06
2024-07-05,15503.05,200631.36
2024-07-06,14885.86,209277.21
2024-07-08,17908.21,217085.73
2024-07-09,20219.31,264368.30
2024-07-10,18718.84,212545.85
2024-07-11,22205.13,303353.66
2024-07-12,13774.82,184958.08
2024-07-13,11142.53,138703.78
2024-07-15,13519.71,159924.78
2024-07-16,18844.59,226641.85
2024-07-17,12549.00,146975.53
2024-07-18,20456.30,259895.82
2024-07-19,14078.88,170676.82
2024-07-20,9921.98,119283.26
2024-07-22,17361.14,196610.18
2024-07-23,15550.80,202238.26
2024-07-24,13083.26,155800.53
2024-07-25,22277.90,290960.09
2024-07-26,10996.24,119113.43
2024-07-27,11868.03,141745.50
2024-07-29,13195.94,157800.97
2024-07-30,11814.96,154589.45
2024-07-31,10859.48,136659.55
2024-08-01,32511.67,359791.17
2024-08-02,17388.46,194385.40
2024-08-03,12433.58,174266.46
2024-08-05,13692.55,155958.96
2024-08-06,17358.47,250107.55
2024-08-07,19315.94,242402.23
2024-08-08,23955.21,281661.41
2024-08-09,14282.49,196412.74
2024-08-10,11332.29,152484.99
2024-08-12,21744.64,286887.35
2024-08-13,14892.19,177769.83
2024-08-14,14911.85,186885.18
2024-08-15,22296.75,270476.47
2024-08-16,13185.80,145292.35
2024-08-17,11339.30,147181.47
2024-08-19,17937.27,213529.23
2024-08-20,17215.35,228401.61
2024-08-21,16276.16,196866.85
2024-08-22,36146.53,295725.67
2024-08-23,29935.76,208451.71
2024-08-24,13630.04,162805.68
2024-08-26,12712.54,152277.56
2024-08-27,16842.49,212716.03
2024-08-28,15983.91,183999.65
2024-08-29,19248.39,238864.04
2024-08-30,34927.52,134419.24
2024-08-31,10567.73,200286.69
2024-09-02,25029.32,371606.28
2024-09-03,19769.46,252249.74
2024-09-04,18648.48,232782.05
2024-09-05,30037.14,396973.98
2024-09-06,16462.26,210239.28
2024-09-07,15733.58,218625.52
2024-09-09,20898.37,251048.26
2024-09-10,16499.21,220228.95
2024-09-11,18190.91,235369.57
2024-09-12,56140.40,362704.23
2024-09-13,15322.82,193801.75
2024-09-14,8731.05,103845.00
2024-09-16,17125.95,168442.15
2024-09-17,15357.81,207852.84
2024-09-18,20857.89,259189.40
2024-09-19,32872.96,392127.61
2024-09-20,14858.46,185466.81
2024-09-21,11549.38,156930.99
2024-09-23,15685.29,181656.74
2024-09-24,15023.21,174973.78
2024-09-25,16351.64,204909.18
2024-09-26,216177.95,263818.55
2024-09-27,14674.87,176168.77
2024-09-28,14720.98,103457.76
2024-09-30,14151.39,154185.03
2025-01-02,23494.44,316363.06
2025-01-03,14154.09,180140.46
2025-01-04,10794.86,153649.97
2025-01-06,17095.67,205021.57
2025-01-07,20832.87,289446.20
2025-01-08,17832.07,217255.61
2025-01-10,19658.12,264817.14
2025-01-11,15104.55,192580.95
2025-01-13,14096.84,163276.43
2025-01-14,14851.00,192695.17
2025-01-15,12542.63,154283.19
2025-01-16,22449.72,285527.28
2025-01-17,15606.12,196567.95
2025-01-18,6730.02,83247.58
2025-01-20,25699.25,328446.75
2025-01-21,18080.54,249977.79
2025-01-22,16947.65,221489.84
2025-01-23,18449.35,222355.17
2025-01-24,12287.56,151848.28
2025-01-25,12675.81,180908.70
2025-01-27,15663.64,178377.56
2025-01-28,13366.62,159801.69
2025-01-29,16374.67,188073.07
2025-01-30,14123.98,161374.22
2025-01-31,6421.09,68407.69
2025-02-01,20007.73,345223.00
2025-02-03,11509.24,121260.26
2025-02-04,22233.34,249321.43
2025-02-05,14619.18,167437.08
2025-02-06,22345.71,286143.33
2025-02-07,49056.34,223903.16
2025-02-08,15242.32,179958.98
2025-02-10,15617.49,183722.54
2025-02-11,19028.90,220369.07
2025-02-12,13774.98,174567.21
2025-02-13,25702.33,322359.80
2025-02-14,15019.59,171841.97
2025-02-15,9790.92,117727.87
2025-02-17,13837.70,157447.77
2025-02-18,21233.00,273048.90
2025-02-19,14163.09,168926.44
2025-02-20,24328.78,308660.68
2025-02-21,15667.13,193171.32
2025-02-22,12370.38,173557.38
2025-02-24,44240.41,257618.76
2025-02-25,19021.88,215020.58
2025-02-26,20070.68,250238.87
2025-02-27,30263.75,423339.99
2025-02-28,13162.17,164323.64
2025-03-01,24395.58,300856.70
2025-03-05,21341.24,261620.55
2025-03-06,210068.36,266873.69
2025-03-07,14361.86,178842.48
2025-03-08,17771.83,244651.55
2025-03-10,17924.66,223986.12
2025-03-11,26478.31,328892.39
2025-03-12,24772.23,304277.29
2025-03-13,28417.52,304367.84
2025-03-14,15444.03,193672.48
2025-03-15,11793.73,129376.89
2025-03-17,23334.11,177329.49
2025-03-18,16032.34,218234.77
2025-03-19,25936.97,271472.93
2025-03-20,25908.42,328569.57
2025-03-21,22674.35,303148.28
2025-03-22,10207.93,135705.78
2025-03-24,20627.51,264953.98
2025-03-25,17064.73,149353.95
2025-03-26,12332.61,161950.39
2025-03-27,26897.47,229429.89
2025-03-28,13851.00,157184.88
2025-03-29,4670.97,50978.33
2025-03-31,9675.47,104528.87
2025-04-01,21916.47,298538.63
2025-04-02,12875.51,166390.00
2025-04-03,27876.49,379315.12
2025-04-04,18723.98,226254.64
2025-04-05,15008.95,197217.27
2025-04-07,17047.79,229672.80
2025-04-08,17965.29,203598.73
2025-04-09,14176.11,178439.93
2025-04-10,21975.19,287666.07
2025-04-11,26409.18,339167.96
2025-04-12,16476.57,223809.66
2025-04-14,22902.86,284573.97
2025-04-15,14950.78,181530.47
2025-04-16,20186.97,258993.37
2025-04-17,15602.04,197729.26
2025-04-21,15036.82,180117.27
2025-04-22,22615.20,283841.79
2025-04-23,15577.22,176945.10
2025-04-24,27848.13,356760.97
2025-04-25,20027.34,224686.61
2025-04-26,17210.46,225190.72
2025-04-28,16951.54,204942.30
2025-04-29,11125.08,138371.48
2025-04-30,14753.49,180889.22
2025-05-01,6299.00,102776.65
2025-05-02,24992.60,355023.32
2025-05-03,12688.06,180212.36
2025-05-05,19784.17,267146.87
2025-05-06,19913.02,276494.05
2025-05-07,15309.96,199665.38
2025-05-08,24474.84,325814.08
2025-05-09,15430.16,214651.19
2025-05-10,12424.93,157012.82
2025-05-12,18110.81,228744.87
2025-05-13,14205.68,173049.56
2025-05-14,15136.36,189446.92
2025-05-15,17398.97,218598.43
2025-05-16,25746.73,321790.09
2025-05-17,9955.13,126201.86
2025-05-19,15812.87,207085.19
2025-05-20,18358.34,234966.54
2025-05-21,27975.44,195092.86
2025-05-22,21212.71,258875.14
2025-05-23,16869.11,199063.02
2025-05-24,12796.24,216362.12
2025-05-26,14810.57,186668.43
2025-05-27,14107.52,184246.35
2025-05-28,11876.62,139099.82
2025-05-29,15576.31,200460.34
2025-05-30,18613.96,245749.50
2025-05-31,5008.15,60616.22
2025-06-02,27672.39,363900.07
2025-06-03,22474.22,275894.15
2025-06-04,14788.07,187378.36
2025-06-05,23766.83,359353.39
2025-06-06,17723.41,213637.82
2025-06-07,10292.80,129237.38
2025-06-09,20385.68,245718.75
2025-06-10,19232.99,267933.72
2025-06-11,21070.69,249305.44
2025-06-12,19700.70,240235.54
2025-06-13,14975.42,189370.65
2025-06-14,10094.73,129916.13
2025-06-16,35343.47,164544.85
2025-06-17,15127.36,207430.42
2025-06-18,16167.47,200005.06
2025-06-19,20832.92,289599.94
2025-06-20,16077.14,180177.23
2025-06-21,11572.23,156612.28
2025-06-23,16405.04,199748.36
2025-06-24,18759.04,253058.65
2025-06-25,14197.27,164873.98
2025-06-26,14064.19,139113.53
2025-06-27,38775.50,241845.01
2025-06-28,6685.45,74122.24
2025-06-30,18262.90,184674.01
2025-07-01,22350.86,343549.18
2025-07-02,16620.47,208101.88
2025-07-03,31977.32,393506.60
2025-07-04,16499.83,238883.64
2025-07-05,17697.11,227092.79
2025-07-07,21175.51,279231.53
2025-07-08,17983.07,266045.29
2025-07-09,13474.12,164122.47
2025-07-10,14703.22,179199.38
2025-07-11,20566.36,313050.17
2025-07-12,10919.02,147346.87
2025-07-14,17261.49,197120.90
2025-07-15,203670.66,211407.56
2025-07-16,13530.37,179131.29
2025-07-17,15871.04,206118.65
2025-07-18,18134.00,240290.13
2025-07-19,15226.44,205276.00
2025-07-21,16220.46,196134.05
2025-07-22,16039.61,202582.87
2025-07-23,17635.58,200308.30
2025-07-24,16865.42,212217.57
2025-07-25,29769.62,375357.76
2025-07-26,9472.21,125746.89
2025-07-28,14144.41,173959.04
2025-07-29,12505.09,151378.69
2025-07-30,10339.21,126312.86
2025-07-31,12244.52,149430.57
2025-08-01,35369.41,452827.01
2025-08-02,11080.86,148004.17
2025-08-04,18064.11,234498.37
2025-08-05,23665.72,331547.81
2025-08-06,42274.98,231624.87
2025-08-07,26987.94,366269.19
2025-08-08,22125.90,258813.96
2025-08-09,15799.05,219847.72
2025-08-11,21649.56,269541.54
2025-08-12,16810.75,200100.57
2025-08-13,15420.20,184622.67
2025-08-14,17227.12,218528.38
2025-08-15,20262.27,269035.24
2025-08-16,11293.30,142376.44
2025-08-18,15755.69,193836.73
2025-08-19,15624.96,196364.28
2025-08-20,15911.47,193311.97
2025-08-21,35662.02,483814.52
2025-08-22,16276.98,181981.90
2025-08-23,14323.32,189109.88
2025-08-25,18784.95,223511.13
2025-08-26,16599.57,201103.21
2025-08-27,18552.86,218706.49
2025-08-28,14120.89,208341.47
2025-08-29,12333.64,164338.37
2025-08-30,9918.28,128867.46
2025-09-01,26113.58,374660.73
2025-09-02,21358.26,306832.15
2025-09-03,20209.56,257343.32
2025-09-04,35259.88,581249.93
2025-09-05,48131.44,349270.95
2025-09-06,19004.80,240719.99
2025-09-08,24929.17,334797.14
2025-09-09,16639.20,217640.41
2025-09-10,21283.70,261331.18
2025-09-11,16972.31,224893.52
2025-09-12,14868.87,167517.15
2025-09-13,10701.28,130148.34
2025-09-15,17448.72,206258.88
2025-09-16,15367.05,183727.75
2025-09-17,17782.78,219233.43
2025-09-18,17460.09,221740.01
2025-09-19,25119.57,266281.76
2025-09-20,13916.44,180308.14
2025-09-22,17202.72,214892.55
2025-09-23,24718.67,311668.17
2025-09-24,15119.60,199701.93
2025-09-25,25574.36,389976.39
2025-09-26,15843.74,199387.81
2025-09-27,6574.77,76872.44
2025-09-29,12145.56,155269.21
2025-09-30,14825.83,169014.98
2025-10-01,14980.72,196174.72
2025-10-02,19410.67,259199.78
2025-10-03,12165.84,137591.79
2025-10-04,10759.58,148662.53
2025-10-06,13433.17,146032.94
2025-10-07,21198.05,257333.62
2025-10-08,17662.60,193301.44
2025-10-09,24047.54,349891.59
2025-10-10,16703.14,178896.49
2025-10-11,9939.96,120285.29
2025-10-13,26114.50,376577.37
2025-10-14,20716.77,324432.02
2025-10-15,14567.16,182887.81
2025-10-16,20001.99,327731.17
2025-10-17,18832.36,222354.99
2025-10-18,14951.32,203724.26
2025-10-20,15913.09,213529.59
2025-10-21,26520.43,308935.79
2025-10-22,16785.55,201778.53
2025-10-23,40701.35,536007.68
2025-10-24,19165.47,312829.56
2025-10-25,14504.76,171150.47
2025-10-27,24237.04,338518.63
2025-10-28,23476.13,316838.76
2025-10-29,28233.29,445083.92
2025-10-30,16583.90,181899.30
2025-10-31,6470.93,70523.62
2025-11-01,18612.43,260795.33
2025-11-06,25464.70,394820.40
2025-11-07,19238.50,237012.99
2025-11-08,16755.97,193860.07
2025-11-11,23107.90,326969.22
2025-11-12,33436.83,467997.26
2025-11-13,28832.79,365792.58
2025-11-14,45932.41,496403.42
2025-11-15,29455.56,293699.92
2025-11-17,25285.86,332784.53
2025-11-18,18283.07,227141.08
2025-11-19,19589.44,234986.43
2025-11-20,30405.16,331023.96
2025-11-21,26580.13,279661.48
2025-11-22,15942.64,195340.31
